most_common_word,word_count,score
people,5,255
airbnb,10,197
time,3,193
airbnb,13,190
guest,10,188
guest,8,183
question,2,180
guest,3,179
towel,5,180
accidentally,1,174
rant,2,165
guest,3,163
light,3,158
burger,3,151
fee,6,153
steal,7,141
price,2,139
host,2,132
sex,3,132
hotel,4,132
plunger,3,133
guest,2,129
message,7,124
guest,3,126
smell,6,125
mistress,3,121
guest,13,125
article,2,116
guest,3,119
yes,2,120
guest,4,118
child,6,115
host,5,112
week,3,112
haggle,2,114
host,15,106
mattress,4,106
trump,1,112
airbnb,16,104
airbnb,2,104
day,7,106
cancel,3,108
review,11,107
hotel,6,103
guest,6,104
airbnb,5,103
home,5,101
stay,4,100
guest,5,98
account,9,96
article,2,94
coffee,3,96
child,8,98
breakfast,15,97
line,5,97
host,1,94
guest,11,97
bullet,1,96
host,5,93
host,8,94
plus,8,90
guest,2,89
superhost,3,89
unit,9,89
stay,5,91
feel,8,88
responsible,1,87
guest,6,87
guest,1,90
review,16,86
booking,3,85
suite,4,90
airbnb,5,87
commit,2,84
year,4,89
airbnb,9,84
host,7,83
renter,1,85
table,3,83
cleaning,4,82
airbnb,13,85
guest,3,84
price,5,81
guest,3,87
book,13,83
sure,3,82
guest,8,81
host,3,78
past,1,84
rule,2,83
button,11,79
host,2,79
sweet,2,81
house,5,78
host,1,78
dust,2,80
day,12,80
host,10,75
airbnb,2,77
star,8,80
july,9,79
airbnb,10,75
dog,8,74
shower,11,80
host,7,74
bad,2,73
guest,10,75
yung,2,74
airbnb,2,74
review,7,71
filter,6,72
rant,2,72
map,1,75
kind,3,76
air_bnb,14,76
camera,4,72
stay,3,73
mom,12,73
host,4,72
guest,2,69
single,1,70
guest,4,70
great,2,70
ask,3,68
guest,3,72
stay,8,72
contract,9,71
guest,4,71
leave,5,72
booking,9,73
guest,2,71
vote,5,70
believe,1,72
construction,7,72
airbnb,7,71
guest,8,71
pocono,2,70
guest,3,71
towel,4,65
guest,13,68
guest,9,71
superhost,2,66
host,9,70
wifi,4,67
pizza,1,68
guest,1,68
airbnb,6,65
message,1,68
listing,3,65
gift,3,66
opening,2,67
office,9,64
beach,4,65
airbnb,3,68
guest,3,67
fridge,2,68
cleaning,3,63
guest,7,64
guest,3,67
guest,7,65
review,4,66
tim,7,65
crazy,1,64
airbnb,12,65
info,6,62
refund,3,64
netflix,2,65
airbnb,2,64
guest,3,66
look,1,63
phone,5,63
great,1,64
guest,25,59
review,18,64
include,3,63
airbnb,10,62
guest,8,64
abdul,16,61
gif,3,59
leave,5,60
host,9,63
police,7,64
host,9,63
airbnb,3,59
airbnb,2,60
like,4,61
instruction,7,57
policy,4,60
guest,5,61
porto,1,58
review,19,62
address,9,60
house,4,59
star,4,58
neighbor,4,59
kitten,4,59
guest,3,60
airbnb,1,61
guest,6,61
listing,5,61
time,4,62
futon,3,58
host,9,58
host,8,56
day,7,58
refund,11,57
guest,13,57
case,2,57
airbnb,1,58
rent,2,55
guest,13,60
comment,5,60
like,4,54
guest,5,59
person,8,56
host,3,58
home,7,57
bed,13,52
website,6,54
host,6,54
guest,11,54
read,3,57
review,3,56
guest,19,53
mom,6,54
black,1,54
airbnb,8,56
mom,21,55
host,2,57
guest,6,58
cancellation,6,56
thank,2,55
leave,13,55
entire,7,54
review,7,54
key,9,52
place,3,56
bed,10,55
charge,1,53
separate,1,54
plant,7,50
college,1,52
time,3,54
account,8,54
review,4,51
airbnb,3,53
airbnb,2,52
amazing,2,54
account,19,49
kind,3,52
come,2,54
guest,4,55
guest,6,53
ask,7,54
stay,6,56
airbnb,4,49
airbnb,4,49
airbnb,7,54
kid,8,51
room,4,51
car,6,53
host,2,54
property,16,54
night,4,53
respond,2,51
rank,2,52
airbnb,1,52
system,4,49
complain,3,47
star,17,51
woman,4,50
guest,7,51
guest,6,50
night,7,51
clean,18,53
pet,3,51
host,3,51
airbnb,3,49
film,3,48
host,12,49
edit,2,51
pool,6,52
message,3,47
host,5,48
tour,11,49
refund,3,47
alarm,7,51
decline,4,50
airbnb,1,47
check,2,48
airbnb,2,52
tell,8,48
host,6,51
airbnb,2,45
ask,4,44
leave,5,48
airbnb,7,47
guest,7,49
host,3,48
door,7,45
rip,7,46
airbnb,13,45
door,6,46
refund,6,43
place,6,51
threaten,3,45
guest,3,49
day,4,46
airbnb,9,47
guest,3,45
florida,2,45
template,10,49
guest,5,49
airbnb,13,48
leave,9,43
night,4,47
airbnb,11,43
fee,8,49
okay,3,46
guest,8,44
lawn,6,48
hour,6,47
guest,7,43
airbnb,4,45
host,5,46
early,5,45
villa,5,45
country,7,46
walk,2,47
guest,3,43
camera,18,46
prospective,3,45
poetry,6,46
review,9,47
airbnb,1,45
michigan,1,45
request,2,46
airbnb,11,48
old,1,46
airbnb,5,44
guest,5,44
comforter,2,48
airbnb,7,44
festival,4,46
guest,14,46
wonderful,1,43
request,4,44
ban,1,45
review,7,45
airbnb,5,43
new,6,40
policy,12,46
cancellation,8,47
guest,3,43
airbnb,2,41
listing,9,41
day,7,42
picture,4,46
carpet,9,43
guest,5,47
cabin,6,41
summer,1,46
review,5,41
hurricane,7,41
city,4,43
vacasa,4,40
airbnb,7,42
child,3,43
guest,3,38
hour,3,42
house,4,43
guest,1,40
cancel,5,39
mlm,2,41
email,6,43
house,6,44
guest,5,43
ask,11,40
leave,3,44
record,8,44
dog,17,42
room,10,42
fire,4,38
rip,1,39
dog,4,39
airbnb,8,43
airbnb,7,43
room,6,43
brother,16,40
host,5,41
guest,2,41
airbnb,7,39
house,4,41
guest,10,40
airbnb,2,44
guest,9,43
request,7,41
discount,4,42
pillow,20,41
hell,1,40
stay,2,43
door,1,43
towel,4,40
leave,5,40
door,8,39
missile,2,39
airbnb,3,40
bed,1,39
review,7,41
host,3,43
guest,3,39
good,5,38
house,3,41
year,3,39
guest,9,40
house,6,38
guest,7,42
behavior,6,42
host,7,41
host,4,38
host,9,41
host,10,42
space,3,37
pay,5,37
guest,5,38
superhost,15,38
offer,2,41
place,5,41
christmas,1,39
leave,5,41
airbnb,3,38
guest,21,40
airbnb,6,41
let,3,39
reservation,2,37
guest,10,41
book,4,37
airbnb,2,41
pool,5,36
review,4,36
host,21,36
smell,5,35
trip,3,35
airbnb,6,37
stay,4,38
book,4,37
price,12,41
guest,19,40
baby,3,41
host,7,38
star,4,38
funny,1,35
refund,3,41
day,8,37
airbnb,5,39
host,32,35
woman,1,39
arbnb,1,38
nyc,1,41
visit,8,35
available,3,35
parking,4,37
room,4,37
home,16,37
appartment,8,41
airbnb,4,37
place,11,35
bad,4,39
airbnb,6,35
airbnb,12,34
experience,3,36
guest,2,36
ask,7,38
cancel,8,34
guest,7,37
guest,9,36
airbnb,1,37
airbnb,4,40
bed,4,37
owner,5,37
host,4,35
leave,5,36
guest,2,35
report,7,38
guest,11,34
car,15,36
smell,5,36
foot,2,38
location,9,37
bathroom,12,38
guest,3,34
door,7,36
host,6,38
guest,6,38
night,7,36
stay,2,32
cancellation,5,32
checkout,4,36
account,4,38
company,4,38
room,8,35
host,12,36
mirror,10,35
consumer,7,36
airbnb,7,36
minute,5,39
airbnb,9,33
airbnb,12,38
photo,2,39
people,4,33
redact,9,32
tour,9,36
notice,3,40
bedbug,4,36
brooklyn,1,36
ban,3,35
guest,4,35
guest,2,35
reply,4,33
host,10,33
host,8,36
officer,4,31
guest,15,34
guest,1,35
host,5,35
airbnb,13,37
dough,8,34
host,4,35
feedback,5,35
unused,2,33
star,9,36
airbnb,8,37
price,5,35
guest,6,35
feel,3,36
guest,10,35
airbnb,1,36
clear,3,36
guest,8,31
recommend,2,36
host,5,34
bang,8,35
host,2,35
airbnb,16,34
meat,3,33
room,6,37
place,2,34
airbnb,5,32
airbnb,2,33
bed,1,33
host,2,34
people,2,36
airbnb,1,34
airbnb,3,34
direct,2,34
guest,8,35
enjoy,1,33
guest,4,32
review,5,35
airbnb,5,34
ageist,2,31
hide,4,31
guest,3,33
airbnb,1,34
people,3,34
airbnb,4,34
airbnb,5,34
walk,2,31
thank,3,31
review,5,31
rating,3,33
room,6,33
emergency,2,33
guest,4,34
review,8,34
guest,1,33
pottery,5,35
chinese,2,33
guest,12,31
price,4,32
cleaning,3,32
bedroom,5,33
host,5,33
inquiry,5,32
guest,20,35
report,5,34
review,7,34
guest,6,32
airbnb,1,34
guest,17,31
airbnb,3,31
building,5,30
arrive,4,31
help,10,33
neighbor,18,29
booking,6,35
airbnb,5,30
airbnb,2,33
airbnb,4,35
account,11,30
guest,4,32
guest,4,32
plus,3,33
guest,7,29
airbnb,4,33
people,4,29
neighbor,11,30
luggage,4,33
guest,7,32
host,2,30
night,6,32
home,4,33
guest,4,33
airbnb,2,29
prom,3,34
host,4,34
address,2,32
voluntarily,1,34
kitchen,5,32
airbnb,2,32
host,5,31
people,2,33
wake,1,32
guest,15,31
airbnb,3,33
price,5,32
pistol,2,34
use,7,33
house,4,33
guest,6,31
host,4,33
message,3,30
listing,3,30
hosting,3,33
inside,1,30
guest,4,31
coffee,6,32
airbnb,2,31
pricing,5,30
airbnb,4,31
guest,7,31
room,6,31
ask,11,35
girlfriend,2,28
guest,7,31
butter,4,31
airbnb,16,29
checkout,4,31
sleep,6,33
airbnb,3,31
leave,4,31
tenant,15,30
airbnb,3,30
host,1,32
group,1,30
share,6,31
find,9,32
thank,2,31
price,7,33
host,18,33
house,4,30
profile,3,30
guest,9,30
guest,4,33
towel,3,34
stair,2,30
listing,3,31
know,1,28
smoking,5,31
article,1,28
host,7,30
booking,3,30
pass,6,30
guest,2,31
airbnb,1,29
review,5,31
airbnb,4,30
private,8,30
chicago,1,31
host,6,34
guest,4,30
shower,3,30
airbnb,1,29
love,1,33
come,4,30
house,3,31
beach,6,29
airbnb,1,31
place,3,32
airbnb,1,30
airbnb,1,27
review,4,29
platform,4,27
downton,2,31
turn,2,29
guest,3,30
contact,3,29
host,4,25
airbnb,7,30
guest,5,28
stay,4,33
collect,4,29
share,6,28
leave,5,30
cancel,5,28
refund,5,29
review,11,28
tomorrow,2,29
airbnb,6,27
blood,3,31
coupon,7,27
parking,4,28
hour,6,30
cleaning,6,32
guest,10,29
airbnb,4,29
book,5,28
host,3,28
rule,3,29
puke,2,29
guest,10,27
city,2,29
guest,3,28
guest,4,28
request,11,30
post,5,29
guest,6,29
airbnb,1,30
bag,8,28
airbnb,1,30
reservation,11,30
apartment,6,28
booking,7,28
bathroom,4,26
pool,4,27
refund,4,30
experience,5,30
host,3,27
business,2,27
review,7,27
etiquette,2,29
star,6,28
kettle,6,28
listing,2,29
location,2,28
review,7,32
hour,4,29
damage,8,28
guest,3,28
open,4,27
guest,3,29
guest,2,29
cleaning,5,26
instant,3,29
refund,3,28
host,3,27
day,1,28
guest,20,28
find,1,27
host,7,29
check,2,28
airbnb,10,30
host,8,28
request,5,26
widespread,2,28
host,6,27
normal,1,27
host,4,28
time,5,26
reservation,3,27
guest,2,25
open,5,25
host,4,29
superhost,2,27
claim,7,26
housekeeper,5,27
guest,5,27
try,2,27
experience,5,28
airbnb,6,28
airbnb,4,26
leave,3,25
guest,5,27
house,7,28
fiance,14,29
guest,5,27
room,6,27
crypto,2,30
document,1,29
guy,1,28
person,2,27
iama,1,29
income,11,26
support,5,25
hour,4,25
guest,3,26
check,4,24
photo,9,26
airbnb,5,27
cancel,3,26
airbnb,7,29
room,4,26
airbnb,1,25
feel,2,26
review,5,25
time,2,26
clean,4,26
airbnb,4,25
guest,2,28
review,5,26
towel,7,27
wifi,4,27
guest,3,26
review,6,27
airbnb,1,27
clean,6,26
time,8,28
airbnb,9,26
guest,2,26
airbnb,13,23
amenity,2,28
guest,8,26
shorten,5,26
tell,7,26
guest,11,26
clean,5,26
host,6,24
police,5,27
normally,2,26
live,5,25
airbnb,1,25
family,3,27
lds,2,24
guest,5,26
police,5,27
sam,1,26
report,3,28
airbnb,5,26
airbnb,3,25
guest,4,24
host,5,24
meet,4,25
host,12,24
hot,4,25
people,3,27
host,8,24
airbnb,2,25
host,6,26
host,5,25
review,6,25
pricing,5,25
think,3,24
guest,4,25
guest,5,24
winter,9,25
renter,1,26
apartment,4,24
app,4,24
guest,2,26
guest,3,22
bathroom,2,25
expect,5,26
location,3,24
ridiculous,3,27
guest,7,25
guest,7,25
guest,8,25
host,5,25
bed,4,24
guest,4,25
alarm,3,24
host,5,25
want,6,26
towel,9,24
coffee,3,24
hostess,5,25
picture,5,26
guest,4,25
guest,6,23
way,1,25
custom,1,24
room,7,25
airbnb,5,25
airbnb,1,25
guest,6,26
review,6,24
listing,8,23
post,3,24
renter,2,23
airbnb,1,23
forth,3,24
airbnb,3,24
room,3,24
guest,5,26
glitch,6,24
project,3,26
guest,8,23
clean,9,24
urgent,2,24
change,3,24
host,5,24
guest,8,24
bed,3,23
night,3,24
room,5,24
guest,3,25
review,7,24
guest,15,25
car,3,25
dog,4,25
update,2,26
tell,16,24
guest,10,22
open,8,24
guest,11,25
guest,12,25
host,7,25
cancel,4,24
hotel,3,24
guest,6,23
guest,4,23
association,3,24
airbnb,2,22
standard,3,25
book,6,24
review,6,25
prefer,1,25
airbnb,2,24
guest,8,23
airbnb,4,24
apartment,6,24
randomly,1,23
crosspost,1,23
deposit,12,23
steal,1,23
guest,3,23
airbnb,1,24
cuomo,1,23
rule,2,24
stay,5,23
airbnb,9,25
airbnb,6,25
airbnb,4,23
airbnb,1,23
panic,1,23
guidebook,3,23
party,3,24
book,4,23
upgrade,2,23
fight,1,22
reservation,3,23
apartment,7,22
guest,4,22
private,5,21
airbnb,9,22
place,5,23
guest,7,24
reservation,2,21
bathroom,7,22
stay,2,21
host,3,23
proof,1,23
cancel,5,24
camera,3,22
day,3,22
host,2,25
private_bathroom,9,20
price,5,24
guest,6,23
host,3,22
feel,2,21
people,2,21
leave,3,22
recently,1,23
party,4,23
guest,3,24
day,8,23
leave,6,23
host,2,22
bed,2,23
clean,5,21
stay,5,25
appreciate,5,23
apartment,8,24
white,3,23
host,1,23
concern,1,25
include,4,21
airbnb,7,23
maybe,2,25
review,6,24
like,4,23
staircase,5,24
hotel,1,23
referral,6,24
guest,4,23
host,3,24
airbnb,2,22
property,7,22
