id,topic,topic_probability,score,upvote_ratio
2,tell minute pax car start drive ask time wait guy,0.9133819,625,0.99
2,tell minute pax car start drive ask time wait guy,0.6049431,617,0.97
6,guy look order come drive food eat minute walk house,0.88290477,608,0.99
2,tell minute pax car start drive ask time wait guy,0.4637845,537,0.99
8,driver lyft pay drive rate ride time rider people know,0.5499624,467,0.98
2,tell minute pax car start drive ask time wait guy,0.51233953,455,0.98
2,tell minute pax car start drive ask time wait guy,0.5406973,423,0.99
0,car ride drive seat passenger like know think tell pull,0.5186457,386,0.96
4,car tip ride driver passenger know tell drive need like,0.4856744,377,0.97
1,pick pax cancel rider drop ride request minute drive pool,0.38505012,367,0.98
8,driver lyft pay drive rate ride time rider people know,0.5499314,358,0.97
0,car ride drive seat passenger like know think tell pull,0.1,360,0.98
2,tell minute pax car start drive ask time wait guy,0.5697422,329,0.98
1,pick pax cancel rider drop ride request minute drive pool,0.5499598,325,0.98
4,car tip ride driver passenger know tell drive need like,0.8909725,322,0.97
6,guy look order come drive food eat minute walk house,0.5495958,315,0.99
0,car ride drive seat passenger like know think tell pull,0.6978748,309,0.99
1,pick pax cancel rider drop ride request minute drive pool,0.6484394,311,0.92
1,pick pax cancel rider drop ride request minute drive pool,0.62689966,310,0.95
2,tell minute pax car start drive ask time wait guy,0.64838,305,0.99
2,tell minute pax car start drive ask time wait guy,0.880042,304,0.99
0,car ride drive seat passenger like know think tell pull,0.6094789,302,0.93
4,car tip ride driver passenger know tell drive need like,0.6595639,298,0.97
6,guy look order come drive food eat minute walk house,0.899974,291,0.98
3,driver time job day drive work thank car ride money,0.94998795,283,0.97
6,guy look order come drive food eat minute walk house,0.6869374,283,0.97
0,car ride drive seat passenger like know think tell pull,0.9099847,284,0.96
8,driver lyft pay drive rate ride time rider people know,0.30578354,276,0.96
8,driver lyft pay drive rate ride time rider people know,0.6999604,276,0.99
5,star rating ride door pax like tip guy car tell,0.53249395,268,0.96
0,car ride drive seat passenger like know think tell pull,0.77495146,269,0.98
9,surge ride mile hour area pool minute rider pay new,0.42891636,266,0.96
3,driver time job day drive work thank car ride money,0.7749216,269,0.98
6,guy look order come drive food eat minute walk house,0.96537346,271,0.97
0,car ride drive seat passenger like know think tell pull,0.69993085,261,0.98
8,driver lyft pay drive rate ride time rider people know,0.75609386,247,0.79
5,star rating ride door pax like tip guy car tell,0.69994205,241,0.97
3,driver time job day drive work thank car ride money,0.7112063,245,0.95
3,driver time job day drive work thank car ride money,0.6182854,241,0.97
4,car tip ride driver passenger know tell drive need like,0.686039,243,0.97
8,driver lyft pay drive rate ride time rider people know,0.5368075,234,0.92
3,driver time job day drive work thank car ride money,0.3499227,240,0.81
5,star rating ride door pax like tip guy car tell,0.699955,237,0.97
0,car ride drive seat passenger like know think tell pull,0.39305574,234,0.98
1,pick pax cancel rider drop ride request minute drive pool,0.65473396,231,0.98
0,car ride drive seat passenger like know think tell pull,0.6320871,229,0.93
7,passenger tip app ride driver pool want rating good add,0.699988,226,0.98
9,surge ride mile hour area pool minute rider pay new,0.5836359,225,0.98
8,driver lyft pay drive rate ride time rider people know,0.89997035,226,0.98
1,pick pax cancel rider drop ride request minute drive pool,0.43512094,222,0.98
3,driver time job day drive work thank car ride money,0.8499526,215,0.98
8,driver lyft pay drive rate ride time rider people know,0.7749725,213,0.93
5,star rating ride door pax like tip guy car tell,0.31453967,215,0.98
4,car tip ride driver passenger know tell drive need like,0.6069556,213,0.93
8,driver lyft pay drive rate ride time rider people know,0.87138706,215,0.93
5,star rating ride door pax like tip guy car tell,0.628435,212,0.98
2,tell minute pax car start drive ask time wait guy,0.69042546,211,0.94
4,car tip ride driver passenger know tell drive need like,0.98162514,212,0.99
5,star rating ride door pax like tip guy car tell,0.7749497,210,0.96
4,car tip ride driver passenger know tell drive need like,0.54991335,207,0.97
4,car tip ride driver passenger know tell drive need like,0.6609671,204,0.98
2,tell minute pax car start drive ask time wait guy,0.40237612,204,0.95
4,car tip ride driver passenger know tell drive need like,0.83140117,202,0.92
2,tell minute pax car start drive ask time wait guy,0.9826865,200,0.98
4,car tip ride driver passenger know tell drive need like,0.8713882,206,0.97
0,car ride drive seat passenger like know think tell pull,0.98783374,205,0.98
1,pick pax cancel rider drop ride request minute drive pool,0.9308833,198,0.95
5,star rating ride door pax like tip guy car tell,0.8008121,202,0.96
7,passenger tip app ride driver pool want rating good add,0.97272253,200,0.9
6,guy look order come drive food eat minute walk house,0.5499252,199,0.96
0,car ride drive seat passenger like know think tell pull,0.54988086,197,0.97
9,surge ride mile hour area pool minute rider pay new,0.549881,196,0.95
5,star rating ride door pax like tip guy car tell,0.9727151,195,0.97
8,driver lyft pay drive rate ride time rider people know,0.87140816,194,0.97
5,star rating ride door pax like tip guy car tell,0.9499909,197,0.95
9,surge ride mile hour area pool minute rider pay new,0.699851,189,0.97
8,driver lyft pay drive rate ride time rider people know,0.9905234,186,0.97
8,driver lyft pay drive rate ride time rider people know,0.6381912,191,0.84
2,tell minute pax car start drive ask time wait guy,0.5528769,187,0.95
2,tell minute pax car start drive ask time wait guy,0.80355656,189,0.99
2,tell minute pax car start drive ask time wait guy,0.5773994,189,0.99
6,guy look order come drive food eat minute walk house,0.98084646,187,0.97
2,tell minute pax car start drive ask time wait guy,0.43603936,191,0.98
1,pick pax cancel rider drop ride request minute drive pool,0.5153165,189,0.95
4,car tip ride driver passenger know tell drive need like,0.6239238,183,0.97
4,car tip ride driver passenger know tell drive need like,0.97566783,185,0.97
9,surge ride mile hour area pool minute rider pay new,0.6756195,184,0.8
4,car tip ride driver passenger know tell drive need like,0.40834436,185,0.82
6,guy look order come drive food eat minute walk house,0.9571269,180,0.97
6,guy look order come drive food eat minute walk house,0.42679703,181,0.96
8,driver lyft pay drive rate ride time rider people know,0.5499704,181,0.93
0,car ride drive seat passenger like know think tell pull,0.77495307,184,0.93
5,star rating ride door pax like tip guy car tell,0.6986279,180,0.96
9,surge ride mile hour area pool minute rider pay new,0.54999673,185,0.95
1,pick pax cancel rider drop ride request minute drive pool,0.6032319,185,0.96
8,driver lyft pay drive rate ride time rider people know,0.9689572,182,0.95
7,passenger tip app ride driver pool want rating good add,0.47609198,179,0.98
2,tell minute pax car start drive ask time wait guy,0.43734235,179,0.98
1,pick pax cancel rider drop ride request minute drive pool,0.667273,180,0.97
0,car ride drive seat passenger like know think tell pull,0.84996194,179,0.9
0,car ride drive seat passenger like know think tell pull,0.9863591,180,0.95
5,star rating ride door pax like tip guy car tell,0.5499439,177,0.99
3,driver time job day drive work thank car ride money,0.54610616,173,0.94
4,car tip ride driver passenger know tell drive need like,0.41954926,177,0.91
8,driver lyft pay drive rate ride time rider people know,0.4058843,177,0.78
2,tell minute pax car start drive ask time wait guy,0.5499032,169,0.96
0,car ride drive seat passenger like know think tell pull,0.9099808,168,0.96
8,driver lyft pay drive rate ride time rider people know,0.6999037,171,0.96
2,tell minute pax car start drive ask time wait guy,0.41387868,167,0.96
2,tell minute pax car start drive ask time wait guy,0.7692019,169,0.95
2,tell minute pax car start drive ask time wait guy,0.9865625,167,0.97
1,pick pax cancel rider drop ride request minute drive pool,0.581935,166,0.97
1,pick pax cancel rider drop ride request minute drive pool,0.54749453,165,0.99
2,tell minute pax car start drive ask time wait guy,0.7245961,167,0.91
4,car tip ride driver passenger know tell drive need like,0.95498836,168,0.97
2,tell minute pax car start drive ask time wait guy,0.50826555,163,0.98
8,driver lyft pay drive rate ride time rider people know,0.774955,167,0.97
3,driver time job day drive work thank car ride money,0.50111485,166,0.79
6,guy look order come drive food eat minute walk house,0.9883085,162,0.95
8,driver lyft pay drive rate ride time rider people know,0.5320802,161,0.89
8,driver lyft pay drive rate ride time rider people know,0.54990786,163,0.96
7,passenger tip app ride driver pool want rating good add,0.46929795,164,0.89
9,surge ride mile hour area pool minute rider pay new,0.81993836,162,0.98
1,pick pax cancel rider drop ride request minute drive pool,0.6391689,162,0.96
7,passenger tip app ride driver pool want rating good add,0.97856385,159,0.96
4,car tip ride driver passenger know tell drive need like,0.63106465,159,0.92
8,driver lyft pay drive rate ride time rider people know,0.77955174,160,0.95
3,driver time job day drive work thank car ride money,0.49150586,158,0.9
8,driver lyft pay drive rate ride time rider people know,0.8499716,159,0.96
7,passenger tip app ride driver pool want rating good add,0.5499801,161,0.96
5,star rating ride door pax like tip guy car tell,0.98499584,159,0.94
4,car tip ride driver passenger know tell drive need like,0.46322688,162,0.94
8,driver lyft pay drive rate ride time rider people know,0.54171735,157,0.87
0,car ride drive seat passenger like know think tell pull,0.1,161,0.98
4,car tip ride driver passenger know tell drive need like,0.5283766,157,0.94
2,tell minute pax car start drive ask time wait guy,0.59069777,154,0.91
6,guy look order come drive food eat minute walk house,0.5727369,155,0.97
3,driver time job day drive work thank car ride money,0.6999561,158,0.95
2,tell minute pax car start drive ask time wait guy,0.88747114,159,0.95
2,tell minute pax car start drive ask time wait guy,0.74635255,153,0.97
0,car ride drive seat passenger like know think tell pull,0.9585226,154,0.95
7,passenger tip app ride driver pool want rating good add,0.95262253,157,0.96
1,pick pax cancel rider drop ride request minute drive pool,0.94373065,155,0.97
2,tell minute pax car start drive ask time wait guy,0.61884433,156,0.91
6,guy look order come drive food eat minute walk house,0.47976384,158,0.94
8,driver lyft pay drive rate ride time rider people know,0.93076086,155,0.97
8,driver lyft pay drive rate ride time rider people know,0.8874746,154,0.98
2,tell minute pax car start drive ask time wait guy,0.6594087,157,0.95
2,tell minute pax car start drive ask time wait guy,0.98124564,150,0.97
3,driver time job day drive work thank car ride money,0.65689003,154,0.96
9,surge ride mile hour area pool minute rider pay new,0.54989094,158,0.98
1,pick pax cancel rider drop ride request minute drive pool,0.70517504,152,0.98
0,car ride drive seat passenger like know think tell pull,0.5599482,154,0.92
2,tell minute pax car start drive ask time wait guy,0.390384,153,0.9
3,driver time job day drive work thank car ride money,0.8499755,151,0.98
7,passenger tip app ride driver pool want rating good add,0.3250365,147,0.94
3,driver time job day drive work thank car ride money,0.53299457,147,0.91
1,pick pax cancel rider drop ride request minute drive pool,0.988605,144,0.92
0,car ride drive seat passenger like know think tell pull,0.980429,149,0.88
5,star rating ride door pax like tip guy car tell,0.7864535,146,0.92
3,driver time job day drive work thank car ride money,0.56001455,151,0.94
4,car tip ride driver passenger know tell drive need like,0.69995177,142,0.95
9,surge ride mile hour area pool minute rider pay new,0.8203427,148,0.8
2,tell minute pax car start drive ask time wait guy,0.8999802,148,0.93
6,guy look order come drive food eat minute walk house,0.5413117,144,0.94
7,passenger tip app ride driver pool want rating good add,0.5462904,143,0.94
0,car ride drive seat passenger like know think tell pull,0.6812297,148,0.99
8,driver lyft pay drive rate ride time rider people know,0.38893798,143,0.92
3,driver time job day drive work thank car ride money,0.84995466,142,0.88
8,driver lyft pay drive rate ride time rider people know,0.8714219,146,0.93
0,car ride drive seat passenger like know think tell pull,0.0,143,0.88
3,driver time job day drive work thank car ride money,0.4943361,142,0.94
2,tell minute pax car start drive ask time wait guy,0.98902076,141,0.89
8,driver lyft pay drive rate ride time rider people know,0.8999888,139,0.96
7,passenger tip app ride driver pool want rating good add,0.33157393,142,0.96
1,pick pax cancel rider drop ride request minute drive pool,0.9549851,140,0.95
1,pick pax cancel rider drop ride request minute drive pool,0.54993325,143,0.96
8,driver lyft pay drive rate ride time rider people know,0.69992596,142,0.99
0,car ride drive seat passenger like know think tell pull,0.1,139,0.91
9,surge ride mile hour area pool minute rider pay new,0.66853166,143,0.9
8,driver lyft pay drive rate ride time rider people know,0.8999795,142,0.86
8,driver lyft pay drive rate ride time rider people know,0.8077875,141,0.96
6,guy look order come drive food eat minute walk house,0.42991245,144,0.97
4,car tip ride driver passenger know tell drive need like,0.6825126,141,0.98
6,guy look order come drive food eat minute walk house,0.6889436,143,0.97
0,car ride drive seat passenger like know think tell pull,0.45261097,140,0.97
5,star rating ride door pax like tip guy car tell,0.549994,141,0.94
7,passenger tip app ride driver pool want rating good add,0.97095644,140,0.92
2,tell minute pax car start drive ask time wait guy,0.98332715,139,0.95
2,tell minute pax car start drive ask time wait guy,0.98888445,139,0.94
0,car ride drive seat passenger like know think tell pull,0.1,139,0.97
8,driver lyft pay drive rate ride time rider people know,0.79093415,138,0.82
4,car tip ride driver passenger know tell drive need like,0.9437278,136,0.92
5,star rating ride door pax like tip guy car tell,0.5499565,138,0.95
8,driver lyft pay drive rate ride time rider people know,0.5587612,136,0.82
0,car ride drive seat passenger like know think tell pull,0.61101747,140,0.96
5,star rating ride door pax like tip guy car tell,0.6999945,136,0.98
8,driver lyft pay drive rate ride time rider people know,0.94016504,138,0.87
7,passenger tip app ride driver pool want rating good add,0.4605433,138,0.96
2,tell minute pax car start drive ask time wait guy,0.97095895,136,0.98
3,driver time job day drive work thank car ride money,0.66718197,134,0.92
7,passenger tip app ride driver pool want rating good add,0.6474681,135,0.95
5,star rating ride door pax like tip guy car tell,0.8052817,134,0.95
2,tell minute pax car start drive ask time wait guy,0.41682908,135,0.9
8,driver lyft pay drive rate ride time rider people know,0.5393999,134,0.95
0,car ride drive seat passenger like know think tell pull,0.8999725,136,0.94
1,pick pax cancel rider drop ride request minute drive pool,0.9571314,134,0.97
1,pick pax cancel rider drop ride request minute drive pool,0.6795318,134,0.94
3,driver time job day drive work thank car ride money,0.77495486,137,0.97
5,star rating ride door pax like tip guy car tell,0.93074626,135,0.94
8,driver lyft pay drive rate ride time rider people know,0.7749657,132,0.94
4,car tip ride driver passenger know tell drive need like,0.8484767,133,0.93
7,passenger tip app ride driver pool want rating good add,0.49862668,134,0.92
9,surge ride mile hour area pool minute rider pay new,0.6999799,135,0.93
8,driver lyft pay drive rate ride time rider people know,0.69996184,132,0.97
2,tell minute pax car start drive ask time wait guy,0.80927217,131,0.93
1,pick pax cancel rider drop ride request minute drive pool,0.71972525,133,0.92
8,driver lyft pay drive rate ride time rider people know,0.56987935,131,0.92
2,tell minute pax car start drive ask time wait guy,0.45010462,132,0.97
4,car tip ride driver passenger know tell drive need like,0.68784034,132,0.93
8,driver lyft pay drive rate ride time rider people know,0.7749801,136,0.99
0,car ride drive seat passenger like know think tell pull,0.1,134,0.94
2,tell minute pax car start drive ask time wait guy,0.9884584,131,0.96
8,driver lyft pay drive rate ride time rider people know,0.59589916,132,0.91
3,driver time job day drive work thank car ride money,0.43586156,130,0.94
7,passenger tip app ride driver pool want rating good add,0.65927535,131,0.92
4,car tip ride driver passenger know tell drive need like,0.9941156,128,0.92
1,pick pax cancel rider drop ride request minute drive pool,0.41028792,130,0.93
1,pick pax cancel rider drop ride request minute drive pool,0.42626375,130,0.96
1,pick pax cancel rider drop ride request minute drive pool,0.8713898,131,0.96
2,tell minute pax car start drive ask time wait guy,0.54992634,130,0.97
5,star rating ride door pax like tip guy car tell,0.6722909,134,0.97
2,tell minute pax car start drive ask time wait guy,0.7967902,130,0.92
3,driver time job day drive work thank car ride money,0.46733758,126,0.92
2,tell minute pax car start drive ask time wait guy,0.56794703,131,0.91
9,surge ride mile hour area pool minute rider pay new,0.69993544,126,0.96
9,surge ride mile hour area pool minute rider pay new,0.68285894,127,0.95
4,car tip ride driver passenger know tell drive need like,0.41232646,130,0.97
5,star rating ride door pax like tip guy car tell,0.69992065,126,0.98
4,car tip ride driver passenger know tell drive need like,0.80390525,125,0.92
0,car ride drive seat passenger like know think tell pull,0.84996074,124,0.97
0,car ride drive seat passenger like know think tell pull,0.5817554,125,0.91
8,driver lyft pay drive rate ride time rider people know,0.84998393,126,0.93
2,tell minute pax car start drive ask time wait guy,0.9399842,125,0.95
7,passenger tip app ride driver pool want rating good add,0.8293997,124,0.96
0,car ride drive seat passenger like know think tell pull,0.699926,128,0.99
8,driver lyft pay drive rate ride time rider people know,0.8076573,127,0.9
6,guy look order come drive food eat minute walk house,0.9749903,127,0.94
4,car tip ride driver passenger know tell drive need like,0.6209628,123,0.98
8,driver lyft pay drive rate ride time rider people know,0.39615032,127,0.91
2,tell minute pax car start drive ask time wait guy,0.57348144,128,0.95
9,surge ride mile hour area pool minute rider pay new,0.77498996,125,0.94
5,star rating ride door pax like tip guy car tell,0.57899266,125,0.74
3,driver time job day drive work thank car ride money,0.9249715,120,0.96
8,driver lyft pay drive rate ride time rider people know,0.8999726,125,0.96
7,passenger tip app ride driver pool want rating good add,0.51079756,122,0.96
1,pick pax cancel rider drop ride request minute drive pool,0.49429518,123,0.96
3,driver time job day drive work thank car ride money,0.81995654,127,0.98
9,surge ride mile hour area pool minute rider pay new,0.92498523,127,0.99
2,tell minute pax car start drive ask time wait guy,0.5395293,120,0.94
3,driver time job day drive work thank car ride money,0.5499214,127,0.79
8,driver lyft pay drive rate ride time rider people know,0.4301183,121,0.91
8,driver lyft pay drive rate ride time rider people know,0.81993973,122,0.96
2,tell minute pax car start drive ask time wait guy,0.9888855,119,0.92
2,tell minute pax car start drive ask time wait guy,0.60608625,120,0.95
8,driver lyft pay drive rate ride time rider people know,0.8714219,123,0.94
7,passenger tip app ride driver pool want rating good add,0.62651855,118,0.98
1,pick pax cancel rider drop ride request minute drive pool,0.71674615,123,0.96
1,pick pax cancel rider drop ride request minute drive pool,0.8874805,119,0.98
2,tell minute pax car start drive ask time wait guy,0.8999765,121,0.93
2,tell minute pax car start drive ask time wait guy,0.87138236,120,0.86
4,car tip ride driver passenger know tell drive need like,0.67430043,121,0.92
2,tell minute pax car start drive ask time wait guy,0.58376324,118,0.97
8,driver lyft pay drive rate ride time rider people know,0.87139535,119,0.95
3,driver time job day drive work thank car ride money,0.6186139,116,0.89
7,passenger tip app ride driver pool want rating good add,0.8199457,119,0.94
6,guy look order come drive food eat minute walk house,0.9878341,120,0.98
8,driver lyft pay drive rate ride time rider people know,0.549942,118,0.96
5,star rating ride door pax like tip guy car tell,0.98332727,118,0.83
8,driver lyft pay drive rate ride time rider people know,0.9861512,122,0.9
3,driver time job day drive work thank car ride money,0.52332306,119,0.88
4,car tip ride driver passenger know tell drive need like,0.5115766,119,0.93
5,star rating ride door pax like tip guy car tell,0.43628258,115,0.97
6,guy look order come drive food eat minute walk house,0.5271994,115,0.9
5,star rating ride door pax like tip guy car tell,0.42360848,118,0.86
0,car ride drive seat passenger like know think tell pull,0.41602722,114,0.96
3,driver time job day drive work thank car ride money,0.48804158,120,0.94
8,driver lyft pay drive rate ride time rider people know,0.69995266,118,0.91
9,surge ride mile hour area pool minute rider pay new,0.40092048,119,0.95
9,surge ride mile hour area pool minute rider pay new,0.5499199,116,0.95
7,passenger tip app ride driver pool want rating good add,0.5499344,118,0.98
6,guy look order come drive food eat minute walk house,0.70121086,117,0.9
4,car tip ride driver passenger know tell drive need like,0.63675135,118,0.92
2,tell minute pax car start drive ask time wait guy,0.8110708,115,0.98
5,star rating ride door pax like tip guy car tell,0.54994196,116,0.95
4,car tip ride driver passenger know tell drive need like,0.651485,114,0.95
2,tell minute pax car start drive ask time wait guy,0.3413779,118,0.94
2,tell minute pax car start drive ask time wait guy,0.82032514,116,0.97
4,car tip ride driver passenger know tell drive need like,0.742981,118,0.95
5,star rating ride door pax like tip guy car tell,0.6999966,120,0.98
7,passenger tip app ride driver pool want rating good add,0.5499331,116,0.94
0,car ride drive seat passenger like know think tell pull,0.1,117,0.93
1,pick pax cancel rider drop ride request minute drive pool,0.41909066,118,0.91
8,driver lyft pay drive rate ride time rider people know,0.8199652,114,0.96
4,car tip ride driver passenger know tell drive need like,0.49963334,115,0.98
6,guy look order come drive food eat minute walk house,0.5451623,112,0.95
7,passenger tip app ride driver pool want rating good add,0.48393092,114,0.95
1,pick pax cancel rider drop ride request minute drive pool,0.47503242,113,0.93
6,guy look order come drive food eat minute walk house,0.9923703,112,0.85
8,driver lyft pay drive rate ride time rider people know,0.8199864,114,0.94
9,surge ride mile hour area pool minute rider pay new,0.54995584,113,0.91
0,car ride drive seat passenger like know think tell pull,0.1,113,0.96
3,driver time job day drive work thank car ride money,0.46004096,114,0.94
5,star rating ride door pax like tip guy car tell,0.3650247,112,0.87
4,car tip ride driver passenger know tell drive need like,0.559906,115,0.94
5,star rating ride door pax like tip guy car tell,0.9718681,114,0.95
8,driver lyft pay drive rate ride time rider people know,0.42381108,116,0.98
2,tell minute pax car start drive ask time wait guy,0.6999633,114,0.95
1,pick pax cancel rider drop ride request minute drive pool,0.4688812,114,0.95
6,guy look order come drive food eat minute walk house,0.521115,114,0.97
5,star rating ride door pax like tip guy car tell,0.37103873,113,0.95
6,guy look order come drive food eat minute walk house,0.7663387,113,0.98
0,car ride drive seat passenger like know think tell pull,0.83727306,114,0.99
9,surge ride mile hour area pool minute rider pay new,0.44557062,114,0.96
4,car tip ride driver passenger know tell drive need like,0.5511258,116,0.94
3,driver time job day drive work thank car ride money,0.7749814,113,0.9
1,pick pax cancel rider drop ride request minute drive pool,0.551557,111,0.91
8,driver lyft pay drive rate ride time rider people know,0.8499896,115,0.92
0,car ride drive seat passenger like know think tell pull,0.5011192,107,0.96
4,car tip ride driver passenger know tell drive need like,0.73346186,110,0.95
3,driver time job day drive work thank car ride money,0.87140006,112,0.91
8,driver lyft pay drive rate ride time rider people know,0.8499805,114,0.94
9,surge ride mile hour area pool minute rider pay new,0.8499472,112,0.94
2,tell minute pax car start drive ask time wait guy,0.7131121,106,0.91
8,driver lyft pay drive rate ride time rider people know,0.9887471,113,0.9
9,surge ride mile hour area pool minute rider pay new,0.69984394,112,0.99
3,driver time job day drive work thank car ride money,0.6092992,108,0.88
4,car tip ride driver passenger know tell drive need like,0.8714012,109,0.97
0,car ride drive seat passenger like know think tell pull,0.1,110,0.96
0,car ride drive seat passenger like know think tell pull,0.8499548,109,0.97
6,guy look order come drive food eat minute walk house,0.63493615,106,0.97
0,car ride drive seat passenger like know think tell pull,0.9763081,106,0.98
1,pick pax cancel rider drop ride request minute drive pool,0.49404544,108,0.94
5,star rating ride door pax like tip guy car tell,0.41802707,108,0.9
4,car tip ride driver passenger know tell drive need like,0.96999145,107,0.81
0,car ride drive seat passenger like know think tell pull,0.45148057,110,0.96
5,star rating ride door pax like tip guy car tell,0.8199589,105,0.98
0,car ride drive seat passenger like know think tell pull,0.5704056,104,0.97
4,car tip ride driver passenger know tell drive need like,0.509192,106,0.94
3,driver time job day drive work thank car ride money,0.503749,105,0.89
8,driver lyft pay drive rate ride time rider people know,0.90999234,105,0.95
7,passenger tip app ride driver pool want rating good add,0.84995747,104,0.97
0,car ride drive seat passenger like know think tell pull,0.1,104,0.88
4,car tip ride driver passenger know tell drive need like,0.5718252,107,0.97
3,driver time job day drive work thank car ride money,0.42745382,107,0.96
2,tell minute pax car start drive ask time wait guy,0.563964,105,0.95
0,car ride drive seat passenger like know think tell pull,0.42681322,104,0.9
0,car ride drive seat passenger like know think tell pull,0.52971786,104,0.91
4,car tip ride driver passenger know tell drive need like,0.8199243,106,0.96
7,passenger tip app ride driver pool want rating good add,0.55773574,105,0.86
4,car tip ride driver passenger know tell drive need like,0.8874693,108,0.96
0,car ride drive seat passenger like know think tell pull,0.71718925,108,0.95
4,car tip ride driver passenger know tell drive need like,0.55045354,107,0.92
3,driver time job day drive work thank car ride money,0.97691476,102,0.95
8,driver lyft pay drive rate ride time rider people know,0.5499703,107,0.89
2,tell minute pax car start drive ask time wait guy,0.89997685,107,0.98
1,pick pax cancel rider drop ride request minute drive pool,0.9876682,107,0.95
0,car ride drive seat passenger like know think tell pull,0.1,104,0.93
4,car tip ride driver passenger know tell drive need like,0.50066125,106,0.96
4,car tip ride driver passenger know tell drive need like,0.64158994,105,0.87
3,driver time job day drive work thank car ride money,0.66080505,106,0.82
7,passenger tip app ride driver pool want rating good add,0.5090629,105,0.95
9,surge ride mile hour area pool minute rider pay new,0.77493745,105,0.87
2,tell minute pax car start drive ask time wait guy,0.42678323,103,0.94
3,driver time job day drive work thank car ride money,0.6999623,107,0.92
8,driver lyft pay drive rate ride time rider people know,0.8499577,100,0.96
4,car tip ride driver passenger know tell drive need like,0.9356976,100,0.88
8,driver lyft pay drive rate ride time rider people know,0.91815805,101,0.96
3,driver time job day drive work thank car ride money,0.6131706,99,0.97
8,driver lyft pay drive rate ride time rider people know,0.77495235,102,0.91
4,car tip ride driver passenger know tell drive need like,0.46050003,101,0.96
9,surge ride mile hour area pool minute rider pay new,0.88730013,103,0.95
5,star rating ride door pax like tip guy car tell,0.6363349,104,0.93
7,passenger tip app ride driver pool want rating good add,0.81996554,105,0.9
7,passenger tip app ride driver pool want rating good add,0.6999493,100,0.97
5,star rating ride door pax like tip guy car tell,0.971867,104,0.94
8,driver lyft pay drive rate ride time rider people know,0.63867223,103,0.75
8,driver lyft pay drive rate ride time rider people know,0.52289075,99,0.96
6,guy look order come drive food eat minute walk house,0.99323064,104,0.92
2,tell minute pax car start drive ask time wait guy,0.97749376,102,0.93
1,pick pax cancel rider drop ride request minute drive pool,0.6999169,101,0.97
0,car ride drive seat passenger like know think tell pull,0.5499328,102,0.9
0,car ride drive seat passenger like know think tell pull,0.47186914,99,0.94
8,driver lyft pay drive rate ride time rider people know,0.39752728,97,0.96
7,passenger tip app ride driver pool want rating good add,0.4336846,97,0.93
4,car tip ride driver passenger know tell drive need like,0.7749441,99,0.95
8,driver lyft pay drive rate ride time rider people know,0.89996386,101,0.79
0,car ride drive seat passenger like know think tell pull,0.88747966,99,0.97
5,star rating ride door pax like tip guy car tell,0.9867601,98,0.9
3,driver time job day drive work thank car ride money,0.89997756,101,0.95
6,guy look order come drive food eat minute walk house,0.30969816,99,0.96
5,star rating ride door pax like tip guy car tell,0.46259773,100,0.97
1,pick pax cancel rider drop ride request minute drive pool,0.53290933,103,0.9
9,surge ride mile hour area pool minute rider pay new,0.6999407,100,0.98
8,driver lyft pay drive rate ride time rider people know,0.4379079,102,0.88
0,car ride drive seat passenger like know think tell pull,0.97567105,100,0.89
9,surge ride mile hour area pool minute rider pay new,0.52323794,95,0.95
8,driver lyft pay drive rate ride time rider people know,0.5091105,102,0.78
0,car ride drive seat passenger like know think tell pull,0.6279213,96,0.84
5,star rating ride door pax like tip guy car tell,0.9897696,97,0.86
6,guy look order come drive food eat minute walk house,0.95713085,97,0.9
2,tell minute pax car start drive ask time wait guy,0.8898456,98,0.99
9,surge ride mile hour area pool minute rider pay new,0.5499643,99,0.96
7,passenger tip app ride driver pool want rating good add,0.88746893,98,0.9
2,tell minute pax car start drive ask time wait guy,0.9863583,96,0.82
6,guy look order come drive food eat minute walk house,0.54992783,101,0.95
9,surge ride mile hour area pool minute rider pay new,0.7922069,98,0.84
8,driver lyft pay drive rate ride time rider people know,0.8714072,96,0.78
5,star rating ride door pax like tip guy car tell,0.4333859,98,0.91
2,tell minute pax car start drive ask time wait guy,0.9249668,98,0.95
3,driver time job day drive work thank car ride money,0.4288738,101,0.89
5,star rating ride door pax like tip guy car tell,0.7749544,94,0.96
9,surge ride mile hour area pool minute rider pay new,0.56581616,98,0.97
5,star rating ride door pax like tip guy car tell,0.81993514,99,0.97
2,tell minute pax car start drive ask time wait guy,0.51128536,96,0.9
2,tell minute pax car start drive ask time wait guy,0.39915553,96,0.89
8,driver lyft pay drive rate ride time rider people know,0.69996756,98,0.93
2,tell minute pax car start drive ask time wait guy,0.53816956,100,0.94
8,driver lyft pay drive rate ride time rider people know,0.84995705,95,0.93
9,surge ride mile hour area pool minute rider pay new,0.54998744,99,0.93
5,star rating ride door pax like tip guy car tell,0.7749824,96,0.87
8,driver lyft pay drive rate ride time rider people know,0.8499811,99,0.95
6,guy look order come drive food eat minute walk house,0.9571297,92,0.91
1,pick pax cancel rider drop ride request minute drive pool,0.57505524,94,0.95
4,car tip ride driver passenger know tell drive need like,0.98301333,95,0.91
4,car tip ride driver passenger know tell drive need like,0.63053507,96,0.93
7,passenger tip app ride driver pool want rating good add,0.84997195,96,0.93
8,driver lyft pay drive rate ride time rider people know,0.7749633,94,0.96
4,car tip ride driver passenger know tell drive need like,0.9356987,93,0.98
2,tell minute pax car start drive ask time wait guy,0.6136257,94,0.98
8,driver lyft pay drive rate ride time rider people know,0.97749346,93,0.88
1,pick pax cancel rider drop ride request minute drive pool,0.89998126,94,0.93
1,pick pax cancel rider drop ride request minute drive pool,0.6064549,96,0.96
2,tell minute pax car start drive ask time wait guy,0.9881546,95,0.89
0,car ride drive seat passenger like know think tell pull,0.81995076,92,0.9
2,tell minute pax car start drive ask time wait guy,0.8956676,99,0.96
2,tell minute pax car start drive ask time wait guy,0.66924626,94,0.94
2,tell minute pax car start drive ask time wait guy,0.5693375,97,0.96
2,tell minute pax car start drive ask time wait guy,0.56943464,94,0.93
8,driver lyft pay drive rate ride time rider people know,0.69996595,92,0.88
1,pick pax cancel rider drop ride request minute drive pool,0.46419042,93,0.94
2,tell minute pax car start drive ask time wait guy,0.45657536,96,0.9
8,driver lyft pay drive rate ride time rider people know,0.5396453,91,0.87
3,driver time job day drive work thank car ride money,0.76909643,95,0.92
6,guy look order come drive food eat minute walk house,0.7735075,97,0.96
6,guy look order come drive food eat minute walk house,0.7634668,96,0.95
3,driver time job day drive work thank car ride money,0.9526181,93,0.95
1,pick pax cancel rider drop ride request minute drive pool,0.8235395,94,0.97
5,star rating ride door pax like tip guy car tell,0.9639916,97,0.78
4,car tip ride driver passenger know tell drive need like,0.75331825,94,0.91
2,tell minute pax car start drive ask time wait guy,0.98363066,94,0.93
2,tell minute pax car start drive ask time wait guy,0.37028518,92,0.94
5,star rating ride door pax like tip guy car tell,0.51363254,95,0.92
3,driver time job day drive work thank car ride money,0.9816276,94,0.88
8,driver lyft pay drive rate ride time rider people know,0.8499722,95,0.99
8,driver lyft pay drive rate ride time rider people know,0.6999768,96,0.97
2,tell minute pax car start drive ask time wait guy,0.9876672,90,0.92
8,driver lyft pay drive rate ride time rider people know,0.5935724,92,0.93
2,tell minute pax car start drive ask time wait guy,0.98199356,94,0.92
4,car tip ride driver passenger know tell drive need like,0.8713786,95,0.94
8,driver lyft pay drive rate ride time rider people know,0.8499735,92,0.94
7,passenger tip app ride driver pool want rating good add,0.9227224,93,0.83
2,tell minute pax car start drive ask time wait guy,0.93997663,90,0.81
0,car ride drive seat passenger like know think tell pull,0.9181611,97,0.94
2,tell minute pax car start drive ask time wait guy,0.6302362,96,0.94
4,car tip ride driver passenger know tell drive need like,0.98766774,96,0.93
4,car tip ride driver passenger know tell drive need like,0.62365365,92,0.84
3,driver time job day drive work thank car ride money,0.8713986,96,0.97
7,passenger tip app ride driver pool want rating good add,0.774952,96,0.95
4,car tip ride driver passenger know tell drive need like,0.44909307,97,0.95
1,pick pax cancel rider drop ride request minute drive pool,0.7749306,90,0.91
9,surge ride mile hour area pool minute rider pay new,0.5710599,92,0.93
8,driver lyft pay drive rate ride time rider people know,0.7749115,92,0.94
8,driver lyft pay drive rate ride time rider people know,0.8381418,89,0.94
8,driver lyft pay drive rate ride time rider people know,0.4945742,88,0.9
8,driver lyft pay drive rate ride time rider people know,0.8499911,88,0.94
1,pick pax cancel rider drop ride request minute drive pool,0.40216318,94,0.87
0,car ride drive seat passenger like know think tell pull,0.1,92,0.97
2,tell minute pax car start drive ask time wait guy,0.9830137,90,0.99
3,driver time job day drive work thank car ride money,0.5499469,89,0.97
0,car ride drive seat passenger like know think tell pull,0.60656816,90,0.96
5,star rating ride door pax like tip guy car tell,0.6999415,89,0.97
0,car ride drive seat passenger like know think tell pull,0.64863265,93,0.97
1,pick pax cancel rider drop ride request minute drive pool,0.28543058,93,0.8
5,star rating ride door pax like tip guy car tell,0.4666622,94,0.93
8,driver lyft pay drive rate ride time rider people know,0.6999756,91,0.94
8,driver lyft pay drive rate ride time rider people know,0.5264909,90,0.89
8,driver lyft pay drive rate ride time rider people know,0.77496314,89,0.93
8,driver lyft pay drive rate ride time rider people know,0.9823473,90,0.84
1,pick pax cancel rider drop ride request minute drive pool,0.83205813,91,0.95
8,driver lyft pay drive rate ride time rider people know,0.96666026,90,0.95
8,driver lyft pay drive rate ride time rider people know,0.6728917,94,0.98
7,passenger tip app ride driver pool want rating good add,0.6867371,93,0.87
4,car tip ride driver passenger know tell drive need like,0.8153748,90,0.98
8,driver lyft pay drive rate ride time rider people know,0.36196792,90,0.89
4,car tip ride driver passenger know tell drive need like,0.97691464,90,0.94
3,driver time job day drive work thank car ride money,0.84997606,88,0.91
8,driver lyft pay drive rate ride time rider people know,0.7749606,89,0.93
4,car tip ride driver passenger know tell drive need like,0.41691005,92,0.91
4,car tip ride driver passenger know tell drive need like,0.40660048,89,0.94
3,driver time job day drive work thank car ride money,0.69994944,89,0.9
1,pick pax cancel rider drop ride request minute drive pool,0.7749344,89,0.88
8,driver lyft pay drive rate ride time rider people know,0.77497697,88,0.97
2,tell minute pax car start drive ask time wait guy,0.97804207,89,0.95
2,tell minute pax car start drive ask time wait guy,0.72216946,86,0.94
2,tell minute pax car start drive ask time wait guy,0.40981668,89,0.94
1,pick pax cancel rider drop ride request minute drive pool,0.51230544,91,0.96
1,pick pax cancel rider drop ride request minute drive pool,0.5499597,88,0.9
5,star rating ride door pax like tip guy car tell,0.5499677,93,0.93
3,driver time job day drive work thank car ride money,0.8199697,89,0.94
5,star rating ride door pax like tip guy car tell,0.8149142,89,0.84
3,driver time job day drive work thank car ride money,0.42408684,85,0.94
3,driver time job day drive work thank car ride money,0.51625824,92,0.93
4,car tip ride driver passenger know tell drive need like,0.5944856,89,0.9
8,driver lyft pay drive rate ride time rider people know,0.69997424,91,0.98
8,driver lyft pay drive rate ride time rider people know,0.77496904,88,0.9
5,star rating ride door pax like tip guy car tell,0.5828642,88,0.89
2,tell minute pax car start drive ask time wait guy,0.5499578,86,0.83
4,car tip ride driver passenger know tell drive need like,0.51270497,84,0.95
8,driver lyft pay drive rate ride time rider people know,0.94998974,87,0.92
8,driver lyft pay drive rate ride time rider people know,0.54993635,89,0.96
5,star rating ride door pax like tip guy car tell,0.33399037,86,0.87
0,car ride drive seat passenger like know think tell pull,0.69992226,86,0.95
3,driver time job day drive work thank car ride money,0.3404649,91,0.94
8,driver lyft pay drive rate ride time rider people know,0.81998014,90,0.91
5,star rating ride door pax like tip guy car tell,0.71509635,89,0.94
3,driver time job day drive work thank car ride money,0.81994104,85,0.95
9,surge ride mile hour area pool minute rider pay new,0.4502995,86,0.85
0,car ride drive seat passenger like know think tell pull,0.47447398,87,0.94
1,pick pax cancel rider drop ride request minute drive pool,0.47199175,83,0.97
8,driver lyft pay drive rate ride time rider people know,0.84994483,84,0.9
2,tell minute pax car start drive ask time wait guy,0.98124456,87,0.99
4,car tip ride driver passenger know tell drive need like,0.887467,86,0.92
2,tell minute pax car start drive ask time wait guy,0.7406491,88,0.92
6,guy look order come drive food eat minute walk house,0.56145686,87,0.96
8,driver lyft pay drive rate ride time rider people know,0.5966865,84,0.96
8,driver lyft pay drive rate ride time rider people know,0.42392468,84,0.93
8,driver lyft pay drive rate ride time rider people know,0.69994605,82,0.94
0,car ride drive seat passenger like know think tell pull,0.87158364,85,0.93
5,star rating ride door pax like tip guy car tell,0.68846613,86,0.93
3,driver time job day drive work thank car ride money,0.47226366,84,0.87
5,star rating ride door pax like tip guy car tell,0.56929547,87,0.95
3,driver time job day drive work thank car ride money,0.7464432,89,0.95
8,driver lyft pay drive rate ride time rider people know,0.42475578,88,0.94
5,star rating ride door pax like tip guy car tell,0.52359515,83,0.9
0,car ride drive seat passenger like know think tell pull,0.9678468,84,0.96
7,passenger tip app ride driver pool want rating good add,0.5844567,82,0.93
2,tell minute pax car start drive ask time wait guy,0.45992237,90,0.96
2,tell minute pax car start drive ask time wait guy,0.90380836,85,0.91
9,surge ride mile hour area pool minute rider pay new,0.4860216,88,0.92
1,pick pax cancel rider drop ride request minute drive pool,0.4720551,88,0.93
8,driver lyft pay drive rate ride time rider people know,0.89998597,87,0.9
8,driver lyft pay drive rate ride time rider people know,0.31697267,89,0.94
1,pick pax cancel rider drop ride request minute drive pool,0.8199372,89,0.95
2,tell minute pax car start drive ask time wait guy,0.4953797,87,0.96
3,driver time job day drive work thank car ride money,0.8874617,87,0.87
3,driver time job day drive work thank car ride money,0.9804302,83,0.96
2,tell minute pax car start drive ask time wait guy,0.41836372,87,0.94
0,car ride drive seat passenger like know think tell pull,0.0,89,0.93
6,guy look order come drive food eat minute walk house,0.9819963,82,0.95
8,driver lyft pay drive rate ride time rider people know,0.8366883,84,0.97
8,driver lyft pay drive rate ride time rider people know,0.53587353,85,0.92
2,tell minute pax car start drive ask time wait guy,0.98570937,82,0.77
8,driver lyft pay drive rate ride time rider people know,0.75019383,85,0.91
0,car ride drive seat passenger like know think tell pull,0.77793163,83,0.92
9,surge ride mile hour area pool minute rider pay new,0.45603067,82,0.86
8,driver lyft pay drive rate ride time rider people know,0.81998587,82,0.97
9,surge ride mile hour area pool minute rider pay new,0.53410995,84,0.9
6,guy look order come drive food eat minute walk house,0.49574655,85,0.88
5,star rating ride door pax like tip guy car tell,0.43898505,85,0.84
9,surge ride mile hour area pool minute rider pay new,0.556806,86,0.96
0,car ride drive seat passenger like know think tell pull,0.1,82,0.93
5,star rating ride door pax like tip guy car tell,0.5768255,88,0.82
0,car ride drive seat passenger like know think tell pull,0.98332816,82,0.96
3,driver time job day drive work thank car ride money,0.6197728,84,0.83
3,driver time job day drive work thank car ride money,0.95712817,83,0.88
7,passenger tip app ride driver pool want rating good add,0.8199838,84,0.94
6,guy look order come drive food eat minute walk house,0.59158087,83,0.89
3,driver time job day drive work thank car ride money,0.5214821,82,0.95
8,driver lyft pay drive rate ride time rider people know,0.70462275,83,0.96
5,star rating ride door pax like tip guy car tell,0.54995483,84,0.89
5,star rating ride door pax like tip guy car tell,0.69996476,86,0.98
0,car ride drive seat passenger like know think tell pull,0.51574016,85,0.82
9,surge ride mile hour area pool minute rider pay new,0.909965,84,0.93
7,passenger tip app ride driver pool want rating good add,0.4857389,85,0.97
1,pick pax cancel rider drop ride request minute drive pool,0.56795526,86,0.93
3,driver time job day drive work thank car ride money,0.8499789,82,0.9
3,driver time job day drive work thank car ride money,0.49686506,87,0.88
5,star rating ride door pax like tip guy car tell,0.98084337,81,0.94
8,driver lyft pay drive rate ride time rider people know,0.44425032,83,0.9
5,star rating ride door pax like tip guy car tell,0.9181568,80,0.91
7,passenger tip app ride driver pool want rating good add,0.5092175,87,0.95
5,star rating ride door pax like tip guy car tell,0.84994686,81,0.9
2,tell minute pax car start drive ask time wait guy,0.5299871,81,0.76
2,tell minute pax car start drive ask time wait guy,0.6193362,83,0.89
2,tell minute pax car start drive ask time wait guy,0.90518534,85,0.79
8,driver lyft pay drive rate ride time rider people know,0.45744383,82,0.97
4,car tip ride driver passenger know tell drive need like,0.72268575,81,0.94
4,car tip ride driver passenger know tell drive need like,0.77938384,83,0.89
8,driver lyft pay drive rate ride time rider people know,0.5609803,85,0.93
3,driver time job day drive work thank car ride money,0.5570962,81,0.89
2,tell minute pax car start drive ask time wait guy,0.97749084,80,0.92
8,driver lyft pay drive rate ride time rider people know,0.84997123,79,0.96
1,pick pax cancel rider drop ride request minute drive pool,0.5267307,80,0.93
2,tell minute pax car start drive ask time wait guy,0.39622372,83,0.91
7,passenger tip app ride driver pool want rating good add,0.54993707,81,0.91
3,driver time job day drive work thank car ride money,0.6148122,79,0.92
8,driver lyft pay drive rate ride time rider people know,0.39008763,82,0.9
0,car ride drive seat passenger like know think tell pull,0.53961915,84,0.92
2,tell minute pax car start drive ask time wait guy,0.44374743,83,0.9
1,pick pax cancel rider drop ride request minute drive pool,0.5277262,81,0.94
1,pick pax cancel rider drop ride request minute drive pool,0.77496356,80,0.96
2,tell minute pax car start drive ask time wait guy,0.39550653,80,0.85
9,surge ride mile hour area pool minute rider pay new,0.54996103,80,0.92
8,driver lyft pay drive rate ride time rider people know,0.69996995,84,0.97
5,star rating ride door pax like tip guy car tell,0.9780425,84,0.96
4,car tip ride driver passenger know tell drive need like,0.5148444,83,0.96
5,star rating ride door pax like tip guy car tell,0.4709843,81,0.84
4,car tip ride driver passenger know tell drive need like,0.6988774,79,0.96
2,tell minute pax car start drive ask time wait guy,0.98860395,79,0.89
5,star rating ride door pax like tip guy car tell,0.67595387,80,0.92
8,driver lyft pay drive rate ride time rider people know,0.6078549,82,0.87
4,car tip ride driver passenger know tell drive need like,0.51204824,81,0.95
2,tell minute pax car start drive ask time wait guy,0.63790476,83,0.91
5,star rating ride door pax like tip guy car tell,0.34857464,80,0.87
8,driver lyft pay drive rate ride time rider people know,0.5021994,81,0.87
7,passenger tip app ride driver pool want rating good add,0.48245353,79,0.86
8,driver lyft pay drive rate ride time rider people know,0.52625716,81,0.95
2,tell minute pax car start drive ask time wait guy,0.6999426,79,0.95
8,driver lyft pay drive rate ride time rider people know,0.8713878,78,0.95
1,pick pax cancel rider drop ride request minute drive pool,0.5499719,77,0.93
8,driver lyft pay drive rate ride time rider people know,0.88748795,81,0.89
8,driver lyft pay drive rate ride time rider people know,0.8714011,80,0.95
4,car tip ride driver passenger know tell drive need like,0.82361394,82,0.91
1,pick pax cancel rider drop ride request minute drive pool,0.79223144,80,0.92
8,driver lyft pay drive rate ride time rider people know,0.76983374,77,0.93
2,tell minute pax car start drive ask time wait guy,0.69461924,84,0.93
4,car tip ride driver passenger know tell drive need like,0.32239592,79,0.85
8,driver lyft pay drive rate ride time rider people know,0.36873406,80,0.81
1,pick pax cancel rider drop ride request minute drive pool,0.63722676,80,0.92
4,car tip ride driver passenger know tell drive need like,0.6077053,81,0.87
8,driver lyft pay drive rate ride time rider people know,0.41833615,78,0.9
6,guy look order come drive food eat minute walk house,0.62374955,81,0.98
4,car tip ride driver passenger know tell drive need like,0.5499651,78,0.94
2,tell minute pax car start drive ask time wait guy,0.43727162,78,0.93
3,driver time job day drive work thank car ride money,0.6999595,80,0.97
8,driver lyft pay drive rate ride time rider people know,0.87139857,80,0.98
4,car tip ride driver passenger know tell drive need like,0.5345581,79,0.93
0,car ride drive seat passenger like know think tell pull,0.6630114,79,0.93
2,tell minute pax car start drive ask time wait guy,0.5059334,76,0.94
4,car tip ride driver passenger know tell drive need like,0.58074677,76,0.91
8,driver lyft pay drive rate ride time rider people know,0.4247208,80,0.95
0,car ride drive seat passenger like know think tell pull,0.8439939,77,0.86
2,tell minute pax car start drive ask time wait guy,0.77578187,77,0.94
4,car tip ride driver passenger know tell drive need like,0.4430985,77,0.95
2,tell minute pax car start drive ask time wait guy,0.98874587,79,0.86
6,guy look order come drive food eat minute walk house,0.96665424,80,0.92
0,car ride drive seat passenger like know think tell pull,0.1,83,0.95
6,guy look order come drive food eat minute walk house,0.549972,79,0.9
8,driver lyft pay drive rate ride time rider people know,0.530777,79,0.94
3,driver time job day drive work thank car ride money,0.6999319,81,0.95
8,driver lyft pay drive rate ride time rider people know,0.69993687,80,0.93
3,driver time job day drive work thank car ride money,0.8714,79,0.88
6,guy look order come drive food eat minute walk house,0.7749472,79,0.91
5,star rating ride door pax like tip guy car tell,0.67875826,80,0.82
3,driver time job day drive work thank car ride money,0.9727166,82,0.93
2,tell minute pax car start drive ask time wait guy,0.7282515,77,0.94
4,car tip ride driver passenger know tell drive need like,0.9099682,79,0.84
8,driver lyft pay drive rate ride time rider people know,0.8874865,79,0.94
2,tell minute pax car start drive ask time wait guy,0.9395115,78,0.97
4,car tip ride driver passenger know tell drive need like,0.4420535,77,0.94
8,driver lyft pay drive rate ride time rider people know,0.6021366,78,0.94
8,driver lyft pay drive rate ride time rider people know,0.871421,78,0.93
4,car tip ride driver passenger know tell drive need like,0.97856456,81,0.91
8,driver lyft pay drive rate ride time rider people know,0.87139773,78,0.92
4,car tip ride driver passenger know tell drive need like,0.6686575,81,0.91
4,car tip ride driver passenger know tell drive need like,0.91815627,81,0.93
5,star rating ride door pax like tip guy car tell,0.54991645,75,0.91
2,tell minute pax car start drive ask time wait guy,0.6647943,78,0.98
8,driver lyft pay drive rate ride time rider people know,0.5699099,78,0.93
9,surge ride mile hour area pool minute rider pay new,0.9960517,78,0.94
1,pick pax cancel rider drop ride request minute drive pool,0.81995463,76,0.93
7,passenger tip app ride driver pool want rating good add,0.9399827,76,0.96
7,passenger tip app ride driver pool want rating good add,0.4930621,74,0.88
4,car tip ride driver passenger know tell drive need like,0.9774925,76,0.94
2,tell minute pax car start drive ask time wait guy,0.5401329,78,0.97
2,tell minute pax car start drive ask time wait guy,0.45234385,76,0.85
3,driver time job day drive work thank car ride money,0.7749643,81,0.92
6,guy look order come drive food eat minute walk house,0.91816306,76,0.93
0,car ride drive seat passenger like know think tell pull,0.47349545,78,0.94
2,tell minute pax car start drive ask time wait guy,0.4581134,74,0.94
6,guy look order come drive food eat minute walk house,0.44375095,80,0.96
3,driver time job day drive work thank car ride money,0.77248544,73,0.85
3,driver time job day drive work thank car ride money,0.88747394,77,0.91
0,car ride drive seat passenger like know think tell pull,0.53052086,74,0.92
0,car ride drive seat passenger like know think tell pull,0.3710446,75,0.93
8,driver lyft pay drive rate ride time rider people know,0.57963777,77,0.88
3,driver time job day drive work thank car ride money,0.84997106,75,0.94
5,star rating ride door pax like tip guy car tell,0.5509117,77,0.96
8,driver lyft pay drive rate ride time rider people know,0.44816464,78,0.79
3,driver time job day drive work thank car ride money,0.7566615,79,0.97
8,driver lyft pay drive rate ride time rider people know,0.43513447,77,0.91
2,tell minute pax car start drive ask time wait guy,0.6069379,77,0.93
2,tell minute pax car start drive ask time wait guy,0.92977387,76,0.9
4,car tip ride driver passenger know tell drive need like,0.92498535,74,0.87
0,car ride drive seat passenger like know think tell pull,0.38466936,76,0.96
0,car ride drive seat passenger like know think tell pull,0.51391435,76,1.0
8,driver lyft pay drive rate ride time rider people know,0.84998536,74,0.78
2,tell minute pax car start drive ask time wait guy,0.74709785,72,0.87
7,passenger tip app ride driver pool want rating good add,0.9847419,78,0.94
0,car ride drive seat passenger like know think tell pull,0.41561618,73,0.95
8,driver lyft pay drive rate ride time rider people know,0.45293292,77,0.95
4,car tip ride driver passenger know tell drive need like,0.5674948,75,0.82
8,driver lyft pay drive rate ride time rider people know,0.81996804,77,0.93
7,passenger tip app ride driver pool want rating good add,0.7666623,74,0.91
6,guy look order come drive food eat minute walk house,0.5101865,79,0.98
1,pick pax cancel rider drop ride request minute drive pool,0.71147496,76,0.93
2,tell minute pax car start drive ask time wait guy,0.7268884,76,0.93
8,driver lyft pay drive rate ride time rider people know,0.6999877,75,0.94
9,surge ride mile hour area pool minute rider pay new,0.699896,76,0.95
9,surge ride mile hour area pool minute rider pay new,0.6117653,74,0.95
7,passenger tip app ride driver pool want rating good add,0.51151854,74,0.9
7,passenger tip app ride driver pool want rating good add,0.69993067,76,0.87
8,driver lyft pay drive rate ride time rider people know,0.9709565,74,0.97
4,car tip ride driver passenger know tell drive need like,0.4927189,74,0.9
3,driver time job day drive work thank car ride money,0.56307465,72,0.93
7,passenger tip app ride driver pool want rating good add,0.81998295,73,0.94
6,guy look order come drive food eat minute walk house,0.6293787,75,0.9
0,car ride drive seat passenger like know think tell pull,0.92904943,76,0.96
6,guy look order come drive food eat minute walk house,0.6485673,76,0.94
8,driver lyft pay drive rate ride time rider people know,0.51310855,73,0.95
4,car tip ride driver passenger know tell drive need like,0.9918892,74,0.83
3,driver time job day drive work thank car ride money,0.4661126,73,0.93
5,star rating ride door pax like tip guy car tell,0.59323364,73,0.84
4,car tip ride driver passenger know tell drive need like,0.56731194,77,0.93
1,pick pax cancel rider drop ride request minute drive pool,0.502993,74,0.96
5,star rating ride door pax like tip guy car tell,0.5508476,71,0.96
4,car tip ride driver passenger know tell drive need like,0.6319293,77,0.97
8,driver lyft pay drive rate ride time rider people know,0.48017344,74,0.81
3,driver time job day drive work thank car ride money,0.41431326,72,0.86
2,tell minute pax car start drive ask time wait guy,0.699115,72,0.84
5,star rating ride door pax like tip guy car tell,0.8213093,74,0.94
8,driver lyft pay drive rate ride time rider people know,0.7411486,76,0.94
7,passenger tip app ride driver pool want rating good add,0.8999652,69,0.81
8,driver lyft pay drive rate ride time rider people know,0.8874756,72,0.89
4,car tip ride driver passenger know tell drive need like,0.9816278,76,0.93
4,car tip ride driver passenger know tell drive need like,0.4987414,74,0.91
6,guy look order come drive food eat minute walk house,0.81997424,72,0.89
2,tell minute pax car start drive ask time wait guy,0.62149906,71,0.79
6,guy look order come drive food eat minute walk house,0.46419662,72,0.87
8,driver lyft pay drive rate ride time rider people know,0.69993985,75,0.88
0,car ride drive seat passenger like know think tell pull,0.83336836,75,0.86
0,car ride drive seat passenger like know think tell pull,0.6297132,73,0.91
9,surge ride mile hour area pool minute rider pay new,0.55344945,70,0.94
5,star rating ride door pax like tip guy car tell,0.52723455,75,0.88
2,tell minute pax car start drive ask time wait guy,0.6030383,73,0.87
1,pick pax cancel rider drop ride request minute drive pool,0.9774919,72,0.95
0,car ride drive seat passenger like know think tell pull,0.6999541,74,0.93
1,pick pax cancel rider drop ride request minute drive pool,0.8883874,71,0.9
7,passenger tip app ride driver pool want rating good add,0.5499589,74,0.82
8,driver lyft pay drive rate ride time rider people know,0.98888516,75,0.89
0,car ride drive seat passenger like know think tell pull,0.52165943,73,0.89
2,tell minute pax car start drive ask time wait guy,0.96398824,72,0.82
8,driver lyft pay drive rate ride time rider people know,0.6775871,73,0.82
2,tell minute pax car start drive ask time wait guy,0.6501964,71,0.89
8,driver lyft pay drive rate ride time rider people know,0.49699894,73,0.82
1,pick pax cancel rider drop ride request minute drive pool,0.9844242,72,0.91
2,tell minute pax car start drive ask time wait guy,0.94998485,73,0.84
4,car tip ride driver passenger know tell drive need like,0.24656294,72,0.91
2,tell minute pax car start drive ask time wait guy,0.96785045,73,0.93
0,car ride drive seat passenger like know think tell pull,0.5191746,73,0.93
8,driver lyft pay drive rate ride time rider people know,0.87139803,73,0.9
4,car tip ride driver passenger know tell drive need like,0.81994057,72,0.95
4,car tip ride driver passenger know tell drive need like,0.5499649,73,0.89
2,tell minute pax car start drive ask time wait guy,0.78999645,75,0.95
8,driver lyft pay drive rate ride time rider people know,0.46581757,74,1.0
0,car ride drive seat passenger like know think tell pull,0.1,74,0.82
2,tell minute pax car start drive ask time wait guy,0.73677546,74,0.95
1,pick pax cancel rider drop ride request minute drive pool,0.5499719,74,0.94
8,driver lyft pay drive rate ride time rider people know,0.55043006,70,0.9
3,driver time job day drive work thank car ride money,0.9808456,71,0.96
5,star rating ride door pax like tip guy car tell,0.7588182,75,0.96
1,pick pax cancel rider drop ride request minute drive pool,0.5734017,73,0.93
8,driver lyft pay drive rate ride time rider people know,0.45028618,70,0.92
0,car ride drive seat passenger like know think tell pull,0.9036804,70,0.93
2,tell minute pax car start drive ask time wait guy,0.69256365,71,0.9
8,driver lyft pay drive rate ride time rider people know,0.6999599,68,0.95
9,surge ride mile hour area pool minute rider pay new,0.54991996,70,0.91
4,car tip ride driver passenger know tell drive need like,0.96537435,69,0.84
9,surge ride mile hour area pool minute rider pay new,0.5136994,70,0.85
4,car tip ride driver passenger know tell drive need like,0.5056904,70,0.94
6,guy look order come drive food eat minute walk house,0.55109376,72,0.92
9,surge ride mile hour area pool minute rider pay new,0.4059664,73,0.81
7,passenger tip app ride driver pool want rating good add,0.52447504,72,0.92
8,driver lyft pay drive rate ride time rider people know,0.89997464,68,0.83
5,star rating ride door pax like tip guy car tell,0.8199627,71,0.88
1,pick pax cancel rider drop ride request minute drive pool,0.4031786,70,0.9
8,driver lyft pay drive rate ride time rider people know,0.55760026,70,0.94
4,car tip ride driver passenger know tell drive need like,0.8713941,71,0.91
0,car ride drive seat passenger like know think tell pull,0.95713246,67,0.9
1,pick pax cancel rider drop ride request minute drive pool,0.59100276,71,0.9
7,passenger tip app ride driver pool want rating good add,0.54995096,68,0.92
9,surge ride mile hour area pool minute rider pay new,0.6999636,73,0.96
4,car tip ride driver passenger know tell drive need like,0.3501021,71,0.93
0,car ride drive seat passenger like know think tell pull,0.6543451,71,0.97
1,pick pax cancel rider drop ride request minute drive pool,0.89998317,70,0.92
3,driver time job day drive work thank car ride money,0.8713818,70,0.96
4,car tip ride driver passenger know tell drive need like,0.4996828,70,0.92
0,car ride drive seat passenger like know think tell pull,0.1,70,0.93
5,star rating ride door pax like tip guy car tell,0.8199616,71,0.96
3,driver time job day drive work thank car ride money,0.69996,70,0.89
4,car tip ride driver passenger know tell drive need like,0.84543574,68,0.74
2,tell minute pax car start drive ask time wait guy,0.7659241,70,0.96
4,car tip ride driver passenger know tell drive need like,0.8604481,72,0.96
1,pick pax cancel rider drop ride request minute drive pool,0.70696783,69,0.96
6,guy look order come drive food eat minute walk house,0.7015294,69,0.93
0,car ride drive seat passenger like know think tell pull,0.1,69,0.9
8,driver lyft pay drive rate ride time rider people know,0.81996703,67,0.91
2,tell minute pax car start drive ask time wait guy,0.9293881,68,0.92
7,passenger tip app ride driver pool want rating good add,0.81993824,70,0.84
8,driver lyft pay drive rate ride time rider people know,0.87141037,69,0.93
9,surge ride mile hour area pool minute rider pay new,0.43434522,69,0.99
4,car tip ride driver passenger know tell drive need like,0.8713942,71,0.93
7,passenger tip app ride driver pool want rating good add,0.77497625,67,0.92
0,car ride drive seat passenger like know think tell pull,0.7749552,69,0.95
1,pick pax cancel rider drop ride request minute drive pool,0.54993856,73,0.92
6,guy look order come drive food eat minute walk house,0.69991255,68,0.9
2,tell minute pax car start drive ask time wait guy,0.8154343,69,0.95
5,star rating ride door pax like tip guy car tell,0.6837131,67,0.92
6,guy look order come drive food eat minute walk house,0.26489115,67,0.94
3,driver time job day drive work thank car ride money,0.4327443,69,0.89
3,driver time job day drive work thank car ride money,0.699964,66,0.96
9,surge ride mile hour area pool minute rider pay new,0.97096115,70,0.94
2,tell minute pax car start drive ask time wait guy,0.4525193,69,0.88
2,tell minute pax car start drive ask time wait guy,0.9923048,70,0.83
4,car tip ride driver passenger know tell drive need like,0.65969694,69,0.81
2,tell minute pax car start drive ask time wait guy,0.65510315,69,0.94
0,car ride drive seat passenger like know think tell pull,0.1,66,0.9
3,driver time job day drive work thank car ride money,0.8133272,71,0.96
3,driver time job day drive work thank car ride money,0.3452878,70,0.94
2,tell minute pax car start drive ask time wait guy,0.9183923,70,0.83
5,star rating ride door pax like tip guy car tell,0.7749406,64,0.84
4,car tip ride driver passenger know tell drive need like,0.9102898,71,0.91
4,car tip ride driver passenger know tell drive need like,0.84996355,67,0.94
0,car ride drive seat passenger like know think tell pull,0.7107025,68,0.96
5,star rating ride door pax like tip guy car tell,0.9399866,68,0.96
6,guy look order come drive food eat minute walk house,0.53450364,66,0.88
9,surge ride mile hour area pool minute rider pay new,0.79740715,67,0.91
9,surge ride mile hour area pool minute rider pay new,0.7532334,68,0.92
6,guy look order come drive food eat minute walk house,0.7369392,69,0.93
4,car tip ride driver passenger know tell drive need like,0.46946093,65,0.93
6,guy look order come drive food eat minute walk house,0.98162806,67,0.91
2,tell minute pax car start drive ask time wait guy,0.3510234,69,0.86
2,tell minute pax car start drive ask time wait guy,0.9906222,67,0.8
8,driver lyft pay drive rate ride time rider people know,0.88746524,67,0.93
5,star rating ride door pax like tip guy car tell,0.64153147,63,0.91
0,car ride drive seat passenger like know think tell pull,0.5884213,69,0.84
8,driver lyft pay drive rate ride time rider people know,0.6998877,70,0.95
6,guy look order come drive food eat minute walk house,0.8199516,65,0.89
0,car ride drive seat passenger like know think tell pull,0.1,67,0.9
2,tell minute pax car start drive ask time wait guy,0.81995153,64,0.93
0,car ride drive seat passenger like know think tell pull,0.5499662,68,0.87
1,pick pax cancel rider drop ride request minute drive pool,0.74847394,69,0.96
1,pick pax cancel rider drop ride request minute drive pool,0.44261208,69,0.91
2,tell minute pax car start drive ask time wait guy,0.94998723,64,0.87
9,surge ride mile hour area pool minute rider pay new,0.97186816,69,0.97
4,car tip ride driver passenger know tell drive need like,0.5741668,66,0.68
6,guy look order come drive food eat minute walk house,0.65972817,64,0.99
2,tell minute pax car start drive ask time wait guy,0.5413185,66,0.88
4,car tip ride driver passenger know tell drive need like,0.82359844,67,0.91
1,pick pax cancel rider drop ride request minute drive pool,0.7749315,68,0.95
8,driver lyft pay drive rate ride time rider people know,0.81998706,69,0.86
9,surge ride mile hour area pool minute rider pay new,0.64783245,67,0.93
0,car ride drive seat passenger like know think tell pull,0.70192885,68,0.88
3,driver time job day drive work thank car ride money,0.54991937,69,0.99
1,pick pax cancel rider drop ride request minute drive pool,0.69991696,68,0.93
8,driver lyft pay drive rate ride time rider people know,0.93075085,70,0.92
2,tell minute pax car start drive ask time wait guy,0.5016567,66,0.96
8,driver lyft pay drive rate ride time rider people know,0.81996214,66,0.94
0,car ride drive seat passenger like know think tell pull,0.54996103,65,0.98
9,surge ride mile hour area pool minute rider pay new,0.92498076,69,0.89
0,car ride drive seat passenger like know think tell pull,0.9804301,68,0.94
8,driver lyft pay drive rate ride time rider people know,0.6391324,62,0.85
8,driver lyft pay drive rate ride time rider people know,0.7168228,68,0.84
6,guy look order come drive food eat minute walk house,0.54996043,67,0.94
4,car tip ride driver passenger know tell drive need like,0.8713885,65,0.94
4,car tip ride driver passenger know tell drive need like,0.35917753,64,0.89
3,driver time job day drive work thank car ride money,0.45462406,67,0.93
7,passenger tip app ride driver pool want rating good add,0.6999763,61,0.87
1,pick pax cancel rider drop ride request minute drive pool,0.7180496,64,0.91
6,guy look order come drive food eat minute walk house,0.685985,67,0.92
3,driver time job day drive work thank car ride money,0.77496296,69,0.87
8,driver lyft pay drive rate ride time rider people know,0.6999419,68,0.93
2,tell minute pax car start drive ask time wait guy,0.699925,66,0.81
7,passenger tip app ride driver pool want rating good add,0.5484542,64,0.93
0,car ride drive seat passenger like know think tell pull,0.1,62,0.91
8,driver lyft pay drive rate ride time rider people know,0.77496964,66,0.97
2,tell minute pax car start drive ask time wait guy,0.96248746,62,0.95
4,car tip ride driver passenger know tell drive need like,0.62259054,64,0.95
6,guy look order come drive food eat minute walk house,0.35423258,64,0.93
3,driver time job day drive work thank car ride money,0.8714104,62,0.85
5,star rating ride door pax like tip guy car tell,0.7876153,65,0.83
3,driver time job day drive work thank car ride money,0.6999481,63,0.87
4,car tip ride driver passenger know tell drive need like,0.49094272,64,0.87
8,driver lyft pay drive rate ride time rider people know,0.5170525,65,0.94
9,surge ride mile hour area pool minute rider pay new,0.6726421,62,0.96
4,car tip ride driver passenger know tell drive need like,0.7212973,63,0.94
3,driver time job day drive work thank car ride money,0.68890893,61,0.84
4,car tip ride driver passenger know tell drive need like,0.4973706,61,0.96
3,driver time job day drive work thank car ride money,0.5353412,62,0.92
8,driver lyft pay drive rate ride time rider people know,0.69992775,63,0.87
7,passenger tip app ride driver pool want rating good add,0.8714077,64,0.95
6,guy look order come drive food eat minute walk house,0.89997363,63,0.97
8,driver lyft pay drive rate ride time rider people know,0.6999559,63,0.94
4,car tip ride driver passenger know tell drive need like,0.43414184,64,0.86
4,car tip ride driver passenger know tell drive need like,0.5324218,64,0.94
2,tell minute pax car start drive ask time wait guy,0.61884344,65,0.87
4,car tip ride driver passenger know tell drive need like,0.5017681,61,0.91
2,tell minute pax car start drive ask time wait guy,0.4600713,63,0.88
0,car ride drive seat passenger like know think tell pull,0.80206376,63,0.89
0,car ride drive seat passenger like know think tell pull,0.68861085,64,0.88
1,pick pax cancel rider drop ride request minute drive pool,0.8189101,63,0.84
8,driver lyft pay drive rate ride time rider people know,0.7749723,64,0.93
2,tell minute pax car start drive ask time wait guy,0.6177896,66,0.91
1,pick pax cancel rider drop ride request minute drive pool,0.73311484,62,0.94
3,driver time job day drive work thank car ride money,0.84996104,65,0.91
3,driver time job day drive work thank car ride money,0.77494377,65,0.91
2,tell minute pax car start drive ask time wait guy,0.79195976,64,0.94
8,driver lyft pay drive rate ride time rider people know,0.8199835,64,0.86
8,driver lyft pay drive rate ride time rider people know,0.6998204,62,0.93
0,car ride drive seat passenger like know think tell pull,0.96399355,63,0.93
8,driver lyft pay drive rate ride time rider people know,0.5499443,61,0.92
6,guy look order come drive food eat minute walk house,0.69993764,65,0.77
2,tell minute pax car start drive ask time wait guy,0.5766995,64,0.91
8,driver lyft pay drive rate ride time rider people know,0.36680934,60,0.91
8,driver lyft pay drive rate ride time rider people know,0.69536144,61,0.84
8,driver lyft pay drive rate ride time rider people know,0.8874778,61,0.9
4,car tip ride driver passenger know tell drive need like,0.545447,60,0.92
2,tell minute pax car start drive ask time wait guy,0.5246262,61,0.85
6,guy look order come drive food eat minute walk house,0.54433113,61,0.9
8,driver lyft pay drive rate ride time rider people know,0.48253655,61,0.9
5,star rating ride door pax like tip guy car tell,0.4520083,62,0.83
3,driver time job day drive work thank car ride money,0.81995696,60,0.9
3,driver time job day drive work thank car ride money,0.37087107,61,0.84
4,car tip ride driver passenger know tell drive need like,0.5352648,64,0.92
3,driver time job day drive work thank car ride money,0.68584037,59,0.85
4,car tip ride driver passenger know tell drive need like,0.5420633,61,0.87
8,driver lyft pay drive rate ride time rider people know,0.9689529,66,0.85
8,driver lyft pay drive rate ride time rider people know,0.7749836,62,0.97
5,star rating ride door pax like tip guy car tell,0.45635745,61,0.91
3,driver time job day drive work thank car ride money,0.5106929,61,0.92
3,driver time job day drive work thank car ride money,0.9249825,65,0.76
7,passenger tip app ride driver pool want rating good add,0.54995835,60,0.93
6,guy look order come drive food eat minute walk house,0.79447246,64,0.94
6,guy look order come drive food eat minute walk house,0.77496135,62,0.89
4,car tip ride driver passenger know tell drive need like,0.849979,61,0.98
0,car ride drive seat passenger like know think tell pull,0.1,60,0.94
8,driver lyft pay drive rate ride time rider people know,0.77496505,63,0.89
9,surge ride mile hour area pool minute rider pay new,0.549977,63,0.92
9,surge ride mile hour area pool minute rider pay new,0.6999334,62,0.87
0,car ride drive seat passenger like know think tell pull,0.1,61,0.94
1,pick pax cancel rider drop ride request minute drive pool,0.8199611,62,0.97
7,passenger tip app ride driver pool want rating good add,0.45490456,62,0.98
2,tell minute pax car start drive ask time wait guy,0.99174064,60,0.95
2,tell minute pax car start drive ask time wait guy,0.74976367,60,0.9
5,star rating ride door pax like tip guy car tell,0.9799949,61,0.8
3,driver time job day drive work thank car ride money,0.9790641,63,0.9
8,driver lyft pay drive rate ride time rider people know,0.7468559,62,0.78
8,driver lyft pay drive rate ride time rider people know,0.6999574,64,0.91
3,driver time job day drive work thank car ride money,0.8199585,61,0.83
4,car tip ride driver passenger know tell drive need like,0.65544003,59,0.9
8,driver lyft pay drive rate ride time rider people know,0.6999724,61,0.94
2,tell minute pax car start drive ask time wait guy,0.84707475,64,0.82
6,guy look order come drive food eat minute walk house,0.5523977,64,0.93
8,driver lyft pay drive rate ride time rider people know,0.9437388,59,0.8
2,tell minute pax car start drive ask time wait guy,0.947265,58,0.9
0,car ride drive seat passenger like know think tell pull,0.57942206,58,0.89
4,car tip ride driver passenger know tell drive need like,0.95261914,62,0.95
2,tell minute pax car start drive ask time wait guy,0.6075607,60,0.86
3,driver time job day drive work thank car ride money,0.643199,62,0.92
2,tell minute pax car start drive ask time wait guy,0.42948774,60,0.89
2,tell minute pax car start drive ask time wait guy,0.53853613,61,0.92
3,driver time job day drive work thank car ride money,0.5499576,60,0.95
6,guy look order come drive food eat minute walk house,0.9823476,61,0.83
7,passenger tip app ride driver pool want rating good add,0.81996477,62,0.94
0,car ride drive seat passenger like know think tell pull,0.1,60,0.94
6,guy look order come drive food eat minute walk house,0.5082796,61,0.91
6,guy look order come drive food eat minute walk house,0.69993496,57,0.91
0,car ride drive seat passenger like know think tell pull,0.1,59,0.92
8,driver lyft pay drive rate ride time rider people know,0.699937,62,0.86
